Grade,Agree,Disagree,Discuss,Unrelated,Recall
81.48911061044953,0.30267997898055704,0.07317073170731707,0.8687275985663082,0.9757479971660581,0.881792783221186
